{"color":{"r":0.25882354378700259,"g":0.9607843160629273,"b":0.6431372761726379,"a":1.0},"hat":{"instanceID":0}}