{"color":{"r":0.9607843160629273,"g":0.6313725709915161,"b":0.25882354378700259,"a":1.0},"hat":{"instanceID":0}}